Video,hashtags
https://www.youtube.com/watch?v=IS8r3wG8-Js,#frevo
https://www.youtube.com/watch?v=6XruFqqeq9o,#frevo
https://www.youtube.com/watch?v=1c73MCW9F1o,#frevo
https://www.youtube.com/watch?v=Ug5cIi1kJpk,#frevo
https://www.youtube.com/watch?v=WLtvU-lXAvQ,#frevo
https://www.youtube.com/watch?v=A1aGURlQP6A,#frevo
https://www.youtube.com/watch?v=DCQlL-Gu5k0,#frevo
https://www.youtube.com/watch?v=pSAZuaGEnaI,#frevo
https://www.youtube.com/watch?v=66cAD7-9tXY,#frevo
https://www.youtube.com/watch?v=yqZOUZaz3NM,#frevo
https://www.youtube.com/watch?v=V4XWFfSJR1I,#frevo
https://www.youtube.com/watch?v=C9Jewso5gY4,#frevo
https://www.youtube.com/watch?v=MLksVSxJq_E,#frevo
https://www.youtube.com/watch?v=YDinGi2crCU,#frevo
https://www.youtube.com/watch?v=GfqLfKFAwVk,#frevo
https://www.youtube.com/watch?v=GU3IeOMqTTg,#frevo
https://www.youtube.com/watch?v=kvi2HHGiBKU,#frevo
https://www.youtube.com/watch?v=X8Q8eQtjtVE,#frevo
https://www.youtube.com/watch?v=bxoeI3RHmdw,#frevo
https://www.youtube.com/watch?v=lzEpkl8Fhck,#frevo
https://www.youtube.com/watch?v=2nJlaHlo81I,#frevo
https://www.youtube.com/watch?v=Ue-Ap47MADY,#frevo
https://www.youtube.com/watch?v=n09Figp0QAk,#frevo
https://www.youtube.com/watch?v=cBv4MkFJe3U,#frevo
https://www.youtube.com/watch?v=TD93LFHnIRI,#frevo
https://www.youtube.com/watch?v=I01aa3xbM9k,#frevo
https://www.youtube.com/watch?v=I58rRto4Tp8,#frevo
https://www.youtube.com/watch?v=eqOKtu2sF6U,#frevo
https://www.youtube.com/watch?v=8nLQQ7ZXGQ8,#frevo
https://www.youtube.com/watch?v=QjNGtjmyQ5c,#frevo
https://www.youtube.com/watch?v=1yYntpEbJho,#frevo
https://www.youtube.com/watch?v=M7t9-ozjnEU,#frevo
https://www.youtube.com/watch?v=5gmWRD5ox5Y,#frevo
https://www.youtube.com/watch?v=xu9iZA0J7rg,#frevo
https://www.youtube.com/watch?v=wMuJ02ksp14,#frevo
https://www.youtube.com/watch?v=ohUUljo_gHk,#frevo
https://www.youtube.com/watch?v=vwto-Pi6-m4,#frevo
https://www.youtube.com/watch?v=6iB4W9FAPeU,#frevo
https://www.youtube.com/watch?v=ipHIZmSvZpg,#frevo
https://www.youtube.com/watch?v=46jD9XghP3k,#frevo
https://www.youtube.com/watch?v=rqPQFRdDLfw,#frevo
https://www.youtube.com/watch?v=hw45mbJRaaQ,#frevo
https://www.youtube.com/watch?v=PmQwILQCEGU,#frevo
https://www.youtube.com/watch?v=2D_k0XcIoFQ,#frevo
https://www.youtube.com/watch?v=n8_e-DG2Uag,#frevo
https://www.youtube.com/watch?v=OgZKnliedNc,#frevo
https://www.youtube.com/watch?v=qzQFCewbUH0,#frevo
https://www.youtube.com/watch?v=_oBWZ5p5wFo,#frevo
https://www.youtube.com/watch?v=cJHzw1yDkwg,#frevo
https://www.youtube.com/watch?v=iYksvzLAnpw,#frevo