video_id;frame
_oBWZ5p5wFo;113
46jD9XghP3k;891
46jD9XghP3k;904
46jD9XghP3k;905
46jD9XghP3k;909
46jD9XghP3k;911
46jD9XghP3k;912
46jD9XghP3k;914
46jD9XghP3k;2546
46jD9XghP3k;2548
46jD9XghP3k;2552
46jD9XghP3k;2553
46jD9XghP3k;2567
46jD9XghP3k;2570
46jD9XghP3k;2571
46jD9XghP3k;2584
46jD9XghP3k;2590
46jD9XghP3k;3543
46jD9XghP3k;3603
46jD9XghP3k;3604
46jD9XghP3k;3607
46jD9XghP3k;3608
46jD9XghP3k;3609
66cAD7-9tXY;2127
66cAD7-9tXY;2129
66cAD7-9tXY;2529
bxoeI3RHmdw;8633
bxoeI3RHmdw;8635
bxoeI3RHmdw;10286
bxoeI3RHmdw;10287
bxoeI3RHmdw;10289
bxoeI3RHmdw;10293
bxoeI3RHmdw;10294
bxoeI3RHmdw;10297
bxoeI3RHmdw;10300
bxoeI3RHmdw;10305
bxoeI3RHmdw;10306
bxoeI3RHmdw;10317
bxoeI3RHmdw;10318
bxoeI3RHmdw;10902
bxoeI3RHmdw;10924
bxoeI3RHmdw;10964
bxoeI3RHmdw;12485
bxoeI3RHmdw;12496
bxoeI3RHmdw;12601
bxoeI3RHmdw;12614
bxoeI3RHmdw;12627
bxoeI3RHmdw;12911
bxoeI3RHmdw;14402
bxoeI3RHmdw;14403
bxoeI3RHmdw;14583
bxoeI3RHmdw;14955
bxoeI3RHmdw;14967
bxoeI3RHmdw;14987
bxoeI3RHmdw;14996
bxoeI3RHmdw;15044
bxoeI3RHmdw;16864
bxoeI3RHmdw;16880
bxoeI3RHmdw;16882
bxoeI3RHmdw;16887
bxoeI3RHmdw;16999
bxoeI3RHmdw;18530
bxoeI3RHmdw;18533
bxoeI3RHmdw;18630
bxoeI3RHmdw;18638
bxoeI3RHmdw;18643
bxoeI3RHmdw;18674
bxoeI3RHmdw;18780
bxoeI3RHmdw;21963
bxoeI3RHmdw;22001
bxoeI3RHmdw;22042
bxoeI3RHmdw;22077
C9Jewso5gY4;146
cBv4MkFJe3U;188
cBv4MkFJe3U;190
cBv4MkFJe3U;352
cBv4MkFJe3U;3486
GU3IeOMqTTg;19
GU3IeOMqTTg;26
GU3IeOMqTTg;45
GU3IeOMqTTg;47
GU3IeOMqTTg;49
GU3IeOMqTTg;89
GU3IeOMqTTg;108
GU3IeOMqTTg;118
GU3IeOMqTTg;453
GU3IeOMqTTg;769
GU3IeOMqTTg;779
GU3IeOMqTTg;815
GU3IeOMqTTg;827
GU3IeOMqTTg;828
GU3IeOMqTTg;1421
GU3IeOMqTTg;1438
GU3IeOMqTTg;1443
GU3IeOMqTTg;1485
GU3IeOMqTTg;1489
GU3IeOMqTTg;1494
GU3IeOMqTTg;1504
GU3IeOMqTTg;1506
GU3IeOMqTTg;1518
GU3IeOMqTTg;1572
GU3IeOMqTTg;4876
GU3IeOMqTTg;4926
GU3IeOMqTTg;4949
GU3IeOMqTTg;5295
GU3IeOMqTTg;5296
GU3IeOMqTTg;5297
GU3IeOMqTTg;5298
GU3IeOMqTTg;5306
GU3IeOMqTTg;5315
GU3IeOMqTTg;5353
GU3IeOMqTTg;5765
GU3IeOMqTTg;5884
GU3IeOMqTTg;5885
GU3IeOMqTTg;5886
GU3IeOMqTTg;5887
GU3IeOMqTTg;5888
GU3IeOMqTTg;5889
1c73MCW9F1o;458
8nLQQ7ZXGQ8;878
6iB4W9FAPeU;2139
6iB4W9FAPeU;2142
6iB4W9FAPeU;2133
6iB4W9FAPeU;2135
6iB4W9FAPeU;2137
6iB4W9FAPeU;2138
6iB4W9FAPeU;2139
6iB4W9FAPeU;2144
6iB4W9FAPeU;2146
6iB4W9FAPeU;2149
6iB4W9FAPeU;2150
6iB4W9FAPeU;2174
6iB4W9FAPeU;2218
6iB4W9FAPeU;2220
6iB4W9FAPeU;2221
6iB4W9FAPeU;2249
6iB4W9FAPeU;2302
6iB4W9FAPeU;2959
6iB4W9FAPeU;2965
6iB4W9FAPeU;2967
6iB4W9FAPeU;2968
6iB4W9FAPeU;2969
6iB4W9FAPeU;2970
6iB4W9FAPeU;2971
6iB4W9FAPeU;2977
6iB4W9FAPeU;3025
6iB4W9FAPeU;3029
6iB4W9FAPeU;3030
6iB4W9FAPeU;3034
6iB4W9FAPeU;3035
6iB4W9FAPeU;3036
6iB4W9FAPeU;3079
6iB4W9FAPeU;3219
6iB4W9FAPeU;3221
6iB4W9FAPeU;3222
6iB4W9FAPeU;3258
6iB4W9FAPeU;4572
6iB4W9FAPeU;4573
6iB4W9FAPeU;4574
6iB4W9FAPeU;4606
6iB4W9FAPeU;5349
I01aa3xbM9k;2
I01aa3xbM9k;1254
I58rRto4Tp8;367
I58rRto4Tp9;368
I58rRto4Tp10;371
I58rRto4Tp11;372
I58rRto4Tp12;373
I58rRto4Tp13;403
I58rRto4Tp14;605
I58rRto4Tp15;606
I58rRto4Tp16;617
I58rRto4Tp17;618
I58rRto4Tp18;621
I58rRto4Tp19;627
I58rRto4Tp20;629
I58rRto4Tp21;631
I58rRto4Tp22;632
I58rRto4Tp23;376
I58rRto4Tp24;377
I58rRto4Tp25;383
I58rRto4Tp26;384
I58rRto4Tp27;385
I58rRto4Tp28;387
I58rRto4Tp29;388
I58rRto4Tp30;389
I58rRto4Tp31;396
I58rRto4Tp32;397
I58rRto4Tp33;398
I58rRto4Tp34;399
I58rRto4Tp35;400
I58rRto4Tp36;401
I58rRto4Tp37;635
I58rRto4Tp38;642
I58rRto4Tp39;678
I58rRto4Tp40;680
I58rRto4Tp41;721
I58rRto4Tp42;741
I58rRto4Tp43;1234
I58rRto4Tp44;1235
I58rRto4Tp45;1236
I58rRto4Tp46;1237
I58rRto4Tp47;1238
I58rRto4Tp48;1239
I58rRto4Tp49;1240
I58rRto4Tp50;1241
I58rRto4Tp51;1242
I58rRto4Tp52;1422
I58rRto4Tp53;1466
I58rRto4Tp54;1467
I58rRto4Tp55;1469
I58rRto4Tp56;1495
I58rRto4Tp57;1431
I58rRto4Tp58;1554
I58rRto4Tp59;1555
I58rRto4Tp60;1556
I58rRto4Tp61;4828
I58rRto4Tp62;4829
I58rRto4Tp63;4830
I58rRto4Tp64;4831
I58rRto4Tp65;4832
I58rRto4Tp66;4833
I58rRto4Tp67;4834
I58rRto4Tp68;4835
I58rRto4Tp69;4836
I58rRto4Tp70;4837
I58rRto4Tp71;4838
I58rRto4Tp72;4839
I58rRto4Tp73;4844
I58rRto4Tp74;4845
I58rRto4Tp75;4846
I58rRto4Tp76;4847
I58rRto4Tp77;4848
I58rRto4Tp78;4849
I58rRto4Tp79;4850
I58rRto4Tp80;4851
I58rRto4Tp81;4852
I58rRto4Tp82;4853
I58rRto4Tp83;4854
I58rRto4Tp84;4856
I58rRto4Tp85;4858
I58rRto4Tp86;4859
I58rRto4Tp87;4860
I58rRto4Tp88;4861
I58rRto4Tp89;4862
I58rRto4Tp90;4863
I58rRto4Tp91;4864
I58rRto4Tp92;4867
I58rRto4Tp93;4897
I58rRto4Tp94;4899
I58rRto4Tp95;5000
I58rRto4Tp96;5001
I58rRto4Tp97;5002
I58rRto4Tp98;5003
I58rRto4Tp99;5004
I58rRto4Tp100;5005
I58rRto4Tp101;5006
I58rRto4Tp102;5007
I58rRto4Tp103;5008
I58rRto4Tp104;5009
I58rRto4Tp105;5010
I58rRto4Tp106;5011
I58rRto4Tp107;5016
I58rRto4Tp108;5017
I58rRto4Tp109;5018
I58rRto4Tp110;5019
I58rRto4Tp111;5021
I58rRto4Tp112;5090
I58rRto4Tp113;8942
I58rRto4Tp114;8959
I58rRto4Tp115;9060
I58rRto4Tp116;9065
I58rRto4Tp117;9067
I58rRto4Tp118;9902
I58rRto4Tp119;9905
I58rRto4Tp120;9908
I58rRto4Tp121;9909
I58rRto4Tp122;9914
I58rRto4Tp123;9917
I58rRto4Tp124;9918
I58rRto4Tp125;9921
I58rRto4Tp126;9922
I58rRto4Tp127;9923
I58rRto4Tp128;9924
I58rRto4Tp129;9925
I58rRto4Tp130;9926
I58rRto4Tp131;9928
I58rRto4Tp132;9944
I58rRto4Tp133;9946
I58rRto4Tp134;9947
I58rRto4Tp135;9952
I58rRto4Tp136;9957
I58rRto4Tp137;9958
I58rRto4Tp138;9962
I58rRto4Tp139;9963
I58rRto4Tp140;9964
I58rRto4Tp141;9966
I58rRto4Tp142;9967
I58rRto4Tp143;9970
I58rRto4Tp144;9983
I58rRto4Tp145;9985
I58rRto4Tp146;10210
I58rRto4Tp147;16116
I58rRto4Tp148;16253
I58rRto4Tp149;16255
I58rRto4Tp150;17430
I58rRto4Tp151;17431
I58rRto4Tp152;17432
I58rRto4Tp153;17433
I58rRto4Tp154;17587
I58rRto4Tp155;17590
I58rRto4Tp156;17592
I58rRto4Tp157;17593
I58rRto4Tp158;17594
I58rRto4Tp159;17596
I58rRto4Tp160;18555
I58rRto4Tp161;18556
I58rRto4Tp162;18557
I58rRto4Tp163;20254
I58rRto4Tp164;20320
I58rRto4Tp165;20326
I58rRto4Tp166;21397
I58rRto4Tp167;21400
I58rRto4Tp168;21405
I58rRto4Tp169;21406
I58rRto4Tp170;21407
I58rRto4Tp171;21409
I58rRto4Tp172;21410
I58rRto4Tp173;21410
I58rRto4Tp174;21411
I58rRto4Tp175;21417
I58rRto4Tp176;21447
I58rRto4Tp177;21471
I58rRto4Tp178;21472
I58rRto4Tp179;21481
I58rRto4Tp180;21483
I58rRto4Tp181;21486
I58rRto4Tp182;21487
I58rRto4Tp183;21496
I58rRto4Tp184;21519
I58rRto4Tp185;21521
I58rRto4Tp186;21630
I58rRto4Tp187;21659
I58rRto4Tp188;21863
I58rRto4Tp189;21890
I58rRto4Tp190;21902
I58rRto4Tp191;21917
I58rRto4Tp192;21918
I58rRto4Tp193;21921
I58rRto4Tp194;22046
I58rRto4Tp195;23153
IS8r3wG8-Js;1184
IS8r3wG8-Js;1576
IS8r3wG8-Js;2144
IS8r3wG8-Js;2159
IS8r3wG8-Js;2165
IS8r3wG8-Js;2167
IS8r3wG8-Js;2168
IS8r3wG8-Js;2169
IS8r3wG8-Js;2215
IS8r3wG8-Js;2614
IS8r3wG8-Js;2615
IS8r3wG8-Js;2624
IS8r3wG8-Js;2625
IS8r3wG8-Js;2637
IS8r3wG8-Js;2638
IS8r3wG8-Js;2639
IS8r3wG8-Js;2655
IS8r3wG8-Js;4015
IS8r3wG8-Js;4104
IS8r3wG8-Js;5985
IS8r3wG8-Js;8179
IS8r3wG8-Js;8198
IS8r3wG8-Js;8199
IS8r3wG8-Js;8200
IS8r3wG8-Js;8203
IS8r3wG8-Js;8207
IS8r3wG8-Js;8208
IS8r3wG8-Js;8209
iYksvzLAnpw;2987
iYksvzLAnpw;2988
iYksvzLAnpw;2991
iYksvzLAnpw;2992
iYksvzLAnpw;3036
iYksvzLAnpw;3049
iYksvzLAnpw;3128
iYksvzLAnpw;3179
iYksvzLAnpw;3182
iYksvzLAnpw;3183
iYksvzLAnpw;3185
iYksvzLAnpw;3261
iYksvzLAnpw;3203
iYksvzLAnpw;3882
iYksvzLAnpw;3894
iYksvzLAnpw;3920
iYksvzLAnpw;3927
iYksvzLAnpw;3928
iYksvzLAnpw;3929
iYksvzLAnpw;3930
iYksvzLAnpw;3933
iYksvzLAnpw;3935
iYksvzLAnpw;3937
iYksvzLAnpw;5703
iYksvzLAnpw;5774
kvi2HHGiBKU;719
M7t9-ozjnEU;10662
MLksVSxJq_E;8
MLksVSxJq_E;281
MLksVSxJq_E;340
MLksVSxJq_E;401
MLksVSxJq_E;403
MLksVSxJq_E;405
MLksVSxJq_E;415
MLksVSxJq_E;444
MLksVSxJq_E;448
MLksVSxJq_E;450
MLksVSxJq_E;451
MLksVSxJq_E;467
MLksVSxJq_E;469
MLksVSxJq_E;470
MLksVSxJq_E;471
MLksVSxJq_E;472
MLksVSxJq_E;473
MLksVSxJq_E;475
MLksVSxJq_E;480
MLksVSxJq_E;491
MLksVSxJq_E;492
MLksVSxJq_E;510
MLksVSxJq_E;514
MLksVSxJq_E;515
MLksVSxJq_E;516
MLksVSxJq_E;518
MLksVSxJq_E;537
MLksVSxJq_E;539
MLksVSxJq_E;540
MLksVSxJq_E;541
MLksVSxJq_E;542
MLksVSxJq_E;619
MLksVSxJq_E;620
MLksVSxJq_E;1467
MLksVSxJq_E;1540
MLksVSxJq_E;1550
MLksVSxJq_E;1555
MLksVSxJq_E;1573
MLksVSxJq_E;1699
MLksVSxJq_E;1730
MLksVSxJq_E;2751
MLksVSxJq_E;2763
MLksVSxJq_E;3133
MLksVSxJq_E;3134
MLksVSxJq_E;3142
MLksVSxJq_E;3510
MLksVSxJq_E;3511
MLksVSxJq_E;3512
MLksVSxJq_E;3513
MLksVSxJq_E;3515
MLksVSxJq_E;3522
MLksVSxJq_E;3524
MLksVSxJq_E;3526
MLksVSxJq_E;3531
MLksVSxJq_E;3532
MLksVSxJq_E;3534
MLksVSxJq_E;3535
MLksVSxJq_E;3536
MLksVSxJq_E;3539
MLksVSxJq_E;3545
MLksVSxJq_E;3546
MLksVSxJq_E;3553
MLksVSxJq_E;3659
MLksVSxJq_E;3660
MLksVSxJq_E;3662
MLksVSxJq_E;3663
MLksVSxJq_E;3664
MLksVSxJq_E;3796
MLksVSxJq_E;3872
MLksVSxJq_E;3883
MLksVSxJq_E;4027
MLksVSxJq_E;4031
MLksVSxJq_E;4058
MLksVSxJq_E;4062
MLksVSxJq_E;4087
MLksVSxJq_E;4089
MLksVSxJq_E;4090
MLksVSxJq_E;4110
MLksVSxJq_E;4171
MLksVSxJq_E;4245
MLksVSxJq_E;4272
MLksVSxJq_E;4273
MLksVSxJq_E;4278
MLksVSxJq_E;4339
MLksVSxJq_E;4351
MLksVSxJq_E;4357
MLksVSxJq_E;4358
MLksVSxJq_E;4359
MLksVSxJq_E;4360
MLksVSxJq_E;4364
MLksVSxJq_E;4381
MLksVSxJq_E;4408
MLksVSxJq_E;4409
MLksVSxJq_E;4413
MLksVSxJq_E;4419
MLksVSxJq_E;4435
MLksVSxJq_E;4436
MLksVSxJq_E;4476
MLksVSxJq_E;4477
MLksVSxJq_E;4478
MLksVSxJq_E;4484
MLksVSxJq_E;4485
MLksVSxJq_E;4486
MLksVSxJq_E;4496
MLksVSxJq_E;4510
MLksVSxJq_E;4575
MLksVSxJq_E;4576
MLksVSxJq_E;4631
MLksVSxJq_E;4642
MLksVSxJq_E;4665
MLksVSxJq_E;4668
MLksVSxJq_E;4669
MLksVSxJq_E;4675
MLksVSxJq_E;4695
ohUUljo_gHk;156
ohUUljo_gHk;183
ohUUljo_gHk;433
ohUUljo_gHk;437
ohUUljo_gHk;438
ohUUljo_gHk;443
ohUUljo_gHk;444
ohUUljo_gHk;445
ohUUljo_gHk;446
ohUUljo_gHk;447
ohUUljo_gHk;1638
ohUUljo_gHk;1912
ohUUljo_gHk;2212
ohUUljo_gHk;2213
ohUUljo_gHk;2214
ohUUljo_gHk;2817
ohUUljo_gHk;3623
ohUUljo_gHk;3656
ohUUljo_gHk;3889
ohUUljo_gHk;3890
ohUUljo_gHk;4092
ohUUljo_gHk;7404
PmQwILQCEGU;4075
PmQwILQCEGU;7525
PmQwILQCEGU;10407
PmQwILQCEGU;10408
rqPQFRdDLfw;929
rqPQFRdDLfw;930
rqPQFRdDLfw;931
rqPQFRdDLfw;932
rqPQFRdDLfw;934
rqPQFRdDLfw;935
rqPQFRdDLfw;936
rqPQFRdDLfw;950
rqPQFRdDLfw;951
rqPQFRdDLfw;955
rqPQFRdDLfw;1003
rqPQFRdDLfw;1006
rqPQFRdDLfw;1010
rqPQFRdDLfw;1011
rqPQFRdDLfw;1015
rqPQFRdDLfw;1021
rqPQFRdDLfw;1035
rqPQFRdDLfw;1038
rqPQFRdDLfw;1040
rqPQFRdDLfw;1041
rqPQFRdDLfw;1042
rqPQFRdDLfw;1044
rqPQFRdDLfw;1048
rqPQFRdDLfw;1052
rqPQFRdDLfw;1054
rqPQFRdDLfw;1061
rqPQFRdDLfw;1063
rqPQFRdDLfw;1069
rqPQFRdDLfw;1072
rqPQFRdDLfw;1073
rqPQFRdDLfw;1074
rqPQFRdDLfw;1075
rqPQFRdDLfw;1076
rqPQFRdDLfw;1077
rqPQFRdDLfw;1078
rqPQFRdDLfw;1079
rqPQFRdDLfw;1093
rqPQFRdDLfw;1094
rqPQFRdDLfw;1096
rqPQFRdDLfw;1099
rqPQFRdDLfw;1104
rqPQFRdDLfw;1105
rqPQFRdDLfw;1109
rqPQFRdDLfw;2924
rqPQFRdDLfw;2925
rqPQFRdDLfw;2928
rqPQFRdDLfw;2929
rqPQFRdDLfw;2930
rqPQFRdDLfw;2933
rqPQFRdDLfw;2934
rqPQFRdDLfw;2935
rqPQFRdDLfw;2937
rqPQFRdDLfw;2949
rqPQFRdDLfw;2951
rqPQFRdDLfw;2952
rqPQFRdDLfw;2992
rqPQFRdDLfw;2997
rqPQFRdDLfw;2913
rqPQFRdDLfw;2916
rqPQFRdDLfw;3021
rqPQFRdDLfw;3036
rqPQFRdDLfw;3038
rqPQFRdDLfw;3039
rqPQFRdDLfw;3040
rqPQFRdDLfw;3041
rqPQFRdDLfw;3049
rqPQFRdDLfw;3050
rqPQFRdDLfw;3051
rqPQFRdDLfw;3061
rqPQFRdDLfw;3062
rqPQFRdDLfw;3063
rqPQFRdDLfw;3078
rqPQFRdDLfw;3185
rqPQFRdDLfw;3189
rqPQFRdDLfw;3192
rqPQFRdDLfw;7167
rqPQFRdDLfw;8275
rqPQFRdDLfw;8366
TD93LFHnIRI;64
TD93LFHnIRI;65
TD93LFHnIRI;73
TD93LFHnIRI;78
TD93LFHnIRI;87
TD93LFHnIRI;93
TD93LFHnIRI;115
TD93LFHnIRI;116
TD93LFHnIRI;118
TD93LFHnIRI;119
TD93LFHnIRI;121
TD93LFHnIRI;124
TD93LFHnIRI;126
TD93LFHnIRI;137
TD93LFHnIRI;145
TD93LFHnIRI;146
TD93LFHnIRI;147
TD93LFHnIRI;172
TD93LFHnIRI;173
TD93LFHnIRI;174
TD93LFHnIRI;175
TD93LFHnIRI;180
TD93LFHnIRI;1217
TD93LFHnIRI;1239
TD93LFHnIRI;1263
TD93LFHnIRI;1264
TD93LFHnIRI;1266
TD93LFHnIRI;1267
TD93LFHnIRI;1275
TD93LFHnIRI;1328
TD93LFHnIRI;1331
TD93LFHnIRI;1332
TD93LFHnIRI;1333
TD93LFHnIRI;1857
TD93LFHnIRI;1864
TD93LFHnIRI;1867
TD93LFHnIRI;1872
TD93LFHnIRI;1874
TD93LFHnIRI;1882
TD93LFHnIRI;1883
TD93LFHnIRI;1884
TD93LFHnIRI;1885
TD93LFHnIRI;1888
TD93LFHnIRI;1890
TD93LFHnIRI;1891
TD93LFHnIRI;1892
TD93LFHnIRI;1894
TD93LFHnIRI;1895
TD93LFHnIRI;1896
TD93LFHnIRI;1897
TD93LFHnIRI;1898
TD93LFHnIRI;1900
TD93LFHnIRI;1901
TD93LFHnIRI;1902
TD93LFHnIRI;2433
TD93LFHnIRI;2441
TD93LFHnIRI;2442
TD93LFHnIRI;2446
TD93LFHnIRI;2448
TD93LFHnIRI;2449
TD93LFHnIRI;4589
TD93LFHnIRI;4728
TD93LFHnIRI;4786
TD93LFHnIRI;4788
TD93LFHnIRI;4789
Ue-Ap47MADY;3118
Ue-Ap47MADY;3281
Ug5cIi1kJpk;8588
Ug5cIi1kJpk;8587
Ug5cIi1kJpk;8613
WLtvU-lXAvQ;1047
YDinGi2crCU;98
YDinGi2crCU;100
YDinGi2crCU;786
YDinGi2crCU;787
YDinGi2crCU;809
YDinGi2crCU;818
YDinGi2crCU;897
YDinGi2crCU;902
YDinGi2crCU;997
YDinGi2crCU;999
YDinGi2crCU;1491
YDinGi2crCU;1777
YDinGi2crCU;1900
YDinGi2crCU;1923
YDinGi2crCU;2022
YDinGi2crCU;2024
YDinGi2crCU;2117
YDinGi2crCU;2329
YDinGi2crCU;2562
YDinGi2crCU;2565
YDinGi2crCU;2571
YDinGi2crCU;2582
YDinGi2crCU;2583
YDinGi2crCU;2585
YDinGi2crCU;2590
YDinGi2crCU;2617
YDinGi2crCU;2828